Time,Successful insertion,Duration
2022-02-13 23:15:11.399982,True,14.728284120559692